firstName,lastName,email,password,username
Giselle,Bellamy,gbellamy0@lulu.com,BMzPiv,gbellamy0
Tam,Fittall,tfittall1@foxnews.com,ljhqlb,tfittall1
Gasparo,Spurett,gspurett2@smh.com.au,EBnpjo7,gspurett2
Berthe,Kevis,bkevis3@linkedin.com,3WNwN93,bkevis3
Marnia,Mocker,mmocker4@seesaa.net,IHvglnhzjKf3,mmocker4
Gannon,Lardez,glardez5@ucoz.com,0NeYVdYUJSLM,glardez5
Bord,Hazelby,bhazelby6@oaic.gov.au,kEvgTz2s,bhazelby6
Madonna,Frowen,mfrowen7@moonfruit.com,5LONwZi,mfrowen7
Ricoriki,Spreag,rspreag8@nydailynews.com,0SoPEQhE2n,rspreag8
Johnnie,Lanham,jlanham9@fotki.com,u9317e,jlanham9
Gabie,Thireau,gthireaua@google.co.jp,nZx2h00yE1W,gthireaua
Dolorita,Prangnell,dprangnellb@globo.com,V3jOXsq8nL,dprangnellb
Rickert,Thomasson,rthomassonc@hugedomains.com,DKnHqkg9k7,rthomassonc
Vale,Finicj,vfinicjd@themeforest.net,QGXLLJSmRCBr,vfinicjd
Regen,Bealing,rbealinge@tmall.com,UgYQFR,rbealinge
Ruperto,Hazle,rhazlef@freewebs.com,Oilssl2N,rhazlef
Austin,Grigorkin,agrigorking@jiathis.com,qUu88VakGU,agrigorking
Dayna,Balsdone,dbalsdoneh@mozilla.com,SnqqtB9VhF,dbalsdoneh
Natividad,Calbrathe,ncalbrathei@e-recht24.de,7bEYWxuI,ncalbrathei
Lanny,Prangnell,lprangnellj@issuu.com,hVICdaL,lprangnellj
Tobie,Cookson,tcooksonk@ask.com,xyYzvgoWuT4,tcooksonk
Gussie,Welldrake,gwelldrakel@csmonitor.com,N8xbMzu,gwelldrakel
Emily,Dykins,edykinsm@bloomberg.com,ZMmLn5qMy,edykinsm
Ivan,Buttrick,ibuttrickn@dropbox.com,3lc6yUDX,ibuttrickn
Fawne,Pidgeon,fpidgeono@senate.gov,87DyUyND,fpidgeono
Averyl,Bere,aberep@loc.gov,yslvq0L8Op,aberep
Leticia,Sidnall,lsidnallq@unicef.org,ZQCvxPyfM,lsidnallq
Kit,Palluschek,kpalluschekr@flickr.com,zDkulnO0R,kpalluschekr
Hadria,Sara,hsaras@wikimedia.org,1J7cXu1OZG,hsaras
Terri-jo,Novkovic,tnovkovict@deliciousdays.com,dzevNQN,tnovkovict
Ransell,Doran,rdoranu@studiopress.com,lhi1my,rdoranu
Gretal,Gynne,ggynnev@ustream.tv,acEbAM,ggynnev
Mayer,Essberger,messbergerw@comcast.net,CEjXWXY,messbergerw
Ralf,Wateridge,rwateridgex@xrea.com,KXrQMy,rwateridgex
Irvine,Barense,ibarensey@linkedin.com,9ZrWsklSj,ibarensey
Oona,Edson,oedsonz@aol.com,MTtH1jlQ00O,oedsonz
Berta,Fazan,bfazan10@princeton.edu,LjJK87gVz,bfazan10
Cindy,Hof,chof11@dion.ne.jp,mNfZWz6KhXkF,chof11
Hedwiga,Grabban,hgrabban12@mit.edu,kJjQE8ctHpVS,hgrabban12
Godfrey,Povele,gpovele13@com.com,qjQ2mQ4,gpovele13
Maurise,Kynge,mkynge14@sfgate.com,CQbKem,mkynge14
Ollie,Laverick,olaverick15@imageshack.us,8j1EueiZ4xC,olaverick15
Nance,Hitzke,nhitzke16@mysql.com,ZkJYQlk7Q8fY,nhitzke16
Hermina,Lynnett,hlynnett17@globo.com,LNMU1DipB,hlynnett17
Twila,Yoakley,tyoakley18@epa.gov,tPDPvRzUozN7,tyoakley18
Corinna,Westwick,cwestwick19@weibo.com,O4SKWTt,cwestwick19
Kayle,Renvoise,krenvoise1a@fotki.com,B4y8g6D,krenvoise1a
Netty,Peddar,npeddar1b@sourceforge.net,eCrBQ3eEa,npeddar1b
Murray,Borg-Bartolo,mborgbartolo1c@ning.com,F4uJAV,mborgbartolo1c
Kipp,Danell,kdanell1d@ebay.com,4enFJksNf3,kdanell1d
Bell,Ommanney,bommanney1e@bbb.org,1qI76Yi6i91x,bommanney1e
Lotta,Veltmann,lveltmann1f@bigcartel.com,KGVGfWq,lveltmann1f
Thorny,Antoshin,tantoshin1g@etsy.com,R3i5CarxuNE0,tantoshin1g
Adair,Mabbot,amabbot1h@spiegel.de,jDBXdjCK2f8,amabbot1h
Berri,Keizman,bkeizman1i@go.com,pcfuBn0fqsd,bkeizman1i
Mallory,O'Nolan,monolan1j@technorati.com,6G2TUcG7nu9E,monolan1j
Gordan,Strelitzki,gstrelitzki1k@cocolog-nifty.com,VQ0mlAd8,gstrelitzki1k
Rosaline,Tunny,rtunny1l@php.net,lfeDUIv,rtunny1l
Inga,Motherwell,imotherwell1m@google.co.uk,6GC5LRDY,imotherwell1m
Mariam,Ashborn,mashborn1n@opera.com,59Khv6N,mashborn1n
Augustus,Dopson,adopson1o@aboutads.info,5EUIOrShuT5g,adopson1o
Cobb,McCauley,cmccauley1p@wikispaces.com,9tdiW280w,cmccauley1p
Brandea,Robardey,brobardey1q@netlog.com,ldQh7m7,brobardey1q
Leroy,MacNeachtain,lmacneachtain1r@pen.io,vTH8DPowyG,lmacneachtain1r
Sibilla,Tiffany,stiffany1s@blogger.com,JNUhU9nYM2J,stiffany1s
Tessi,Bidgod,tbidgod1t@bbc.co.uk,4a68ejU541Ee,tbidgod1t
Arnaldo,Peasgood,apeasgood1u@ning.com,vZMi0Qs,apeasgood1u
Cornelius,Lehmann,clehmann1v@yale.edu,a7INxtvIxKpL,clehmann1v
Minnaminnie,Birdwistle,mbirdwistle1w@google.de,mdmHdl8kD75j,mbirdwistle1w
Krystle,Vasilyevski,kvasilyevski1x@google.cn,5bwFrfAm,kvasilyevski1x
Harriet,Fawson,hfawson1y@unicef.org,fDjyHk81I,hfawson1y
Marillin,De Laci,mdelaci1z@histats.com,KBzFc0HIfJ7,mdelaci1z
Hercules,Quarrie,hquarrie20@artisteer.com,vv5ojJwxm,hquarrie20
Boyce,Tremonte,btremonte21@deviantart.com,UgxflXgZ,btremonte21
Nick,Scutts,nscutts22@timesonline.co.uk,Ojq7FEWf,nscutts22
Maegan,Rylatt,mrylatt23@boston.com,51peb6r5sh,mrylatt23
Conney,Robyns,crobyns24@simplemachines.org,4saypHeaom,crobyns24
Emmet,Blazynski,eblazynski25@ehow.com,tFeKR5g,eblazynski25
Clary,Goodrich,cgoodrich26@prnewswire.com,In5DNznR7A,cgoodrich26
Kelcy,Pincott,kpincott27@samsung.com,Av2zHfia7,kpincott27
Brock,Enefer,benefer28@harvard.edu,pNV4tsvTvlAX,benefer28
Fina,Botha,fbotha29@msu.edu,aMuIBx1sT,fbotha29
Beverlee,Skydall,bskydall2a@quantcast.com,8DHEkSF,bskydall2a
Marlyn,Rediers,mrediers2b@stumbleupon.com,bjsYO7e3eyWJ,mrediers2b
Wald,Diemer,wdiemer2c@newyorker.com,D2WEr4VL7t,wdiemer2c
Arel,Coate,acoate2d@macromedia.com,mTNv5gbnorg,acoate2d
Perrine,Murrey,pmurrey2e@nps.gov,ppp6mnInA,pmurrey2e
Jenni,Sivills,jsivills2f@flickr.com,m71ZOB12GAy,jsivills2f
Edi,Dorsey,edorsey2g@foxnews.com,jdPqwyKTf,edorsey2g
Leeann,Blackly,lblackly2h@drupal.org,7P2UIgIQ,lblackly2h
Aliza,Knightley,aknightley2i@oakley.com,7JHfClu,aknightley2i
Blane,Sheppard,bsheppard2j@free.fr,16hqn7Qu,bsheppard2j
Genevra,Carillo,gcarillo2k@aol.com,bGB8aP,gcarillo2k
Brewer,Mountjoy,bmountjoy2l@sphinn.com,eWr4oUtGiC8z,bmountjoy2l
Ebeneser,Beaument,ebeaument2m@cpanel.net,5E5jNgl,ebeaument2m
Ana,Winterbotham,awinterbotham2n@howstuffworks.com,2FFH6q5W,awinterbotham2n
Derk,Flageul,dflageul2o@mapquest.com,ILX03vb6JoaD,dflageul2o
Erminie,Cake,ecake2p@icq.com,iro8RhN,ecake2p
Raychel,Hurd,rhurd2q@gravatar.com,ZDXCJtC3mQr4,rhurd2q
Kristine,Vogeller,kvogeller2r@reddit.com,GSFxxvhG,kvogeller2r
Lalo,Bumford,lbumford2s@abc.net.au,U3OVNVtHtM5k,lbumford2s
Jermayne,Stuffins,jstuffins2t@trellian.com,2vIiXJLw0Wo,jstuffins2t
Mary,Benkhe,mbenkhe2u@yellowbook.com,NfbWbI,mbenkhe2u
Andrei,Askew,aaskew2v@multiply.com,JWObaWSKx,aaskew2v
Scottie,Hambribe,shambribe2w@cocolog-nifty.com,57tWQN4giKJJ,shambribe2w
Hugh,Kivelle,hkivelle2x@ehow.com,3tCUDOEc,hkivelle2x
Arabelle,Densun,adensun2y@amazon.de,WrZS1vRWn,adensun2y
Jocelin,Malin,jmalin2z@mlb.com,Aa3ZFlqMxx,jmalin2z
Garek,Huey,ghuey30@apple.com,vUdn8L,ghuey30
Antonio,Giacopello,agiacopello31@123-reg.co.uk,iI9Vw79Elvt,agiacopello31
Hewie,Danelut,hdanelut32@a8.net,12Lr2FjJ6,hdanelut32
Celestyna,Scowcroft,cscowcroft33@google.com.br,9DcIsNc,cscowcroft33
Debor,Meanwell,dmeanwell34@com.com,vGIVLjCaPbpm,dmeanwell34
Harman,Grigsby,hgrigsby35@chronoengine.com,CpmgYv2tOpd,hgrigsby35
Chandra,Pilmoor,cpilmoor36@weibo.com,NSnxLzCF57uz,cpilmoor36
Chryste,Hilling,chilling37@ning.com,KZSD0s1ki,chilling37
Norby,Hort,nhort38@gravatar.com,ZyqJDXBqEJU,nhort38
Barnett,Ayrs,bayrs39@digg.com,gahirQl9hP,bayrs39
Jenine,Fantham,jfantham3a@lycos.com,kZzlmMDV,jfantham3a
Wynny,Thying,wthying3b@last.fm,uZat4Tcw,wthying3b
Ulises,Checketts,uchecketts3c@auda.org.au,pRxHyx,uchecketts3c
Giuseppe,Patsall,gpatsall3d@epa.gov,OCx1mWa,gpatsall3d
Gui,Thirlwell,gthirlwell3e@earthlink.net,KZyi8akmFlc,gthirlwell3e
Bili,Tinsey,btinsey3f@plala.or.jp,rZtegdXei,btinsey3f
Heath,Audrey,haudrey3g@google.com.hk,llssVQj9ai,haudrey3g
Ninon,Praundlin,npraundlin3h@alibaba.com,PZaQs8ocl,npraundlin3h
Ad,Bedbury,abedbury3i@youtu.be,LHIrsUnJW,abedbury3i
Thadeus,Dewane,tdewane3j@blogtalkradio.com,yCfyL9s,tdewane3j
Tania,Gumly,tgumly3k@twitter.com,QlAK5opu6AH,tgumly3k
Geri,McCafferty,gmccafferty3l@zimbio.com,edSWp2v6T,gmccafferty3l
Agosto,Wasteney,awasteney3m@un.org,xlauGPkcw,awasteney3m
Umeko,Erley,uerley3n@ucoz.ru,iEMmmhvd6b,uerley3n
Matthus,Tanslie,mtanslie3o@nba.com,rbP1ejnS6e,mtanslie3o
Torrey,Hebble,thebble3p@fema.gov,L0GvMWN85a,thebble3p
Vincenz,Cockerton,vcockerton3q@umn.edu,qxBhp06s,vcockerton3q
Katheryn,Lighton,klighton3r@comsenz.com,iGhEafGvml5,klighton3r
Akim,Cabane,acabane3s@wiley.com,vaaGIlO,acabane3s
Garnette,Lapwood,glapwood3t@cisco.com,1jO8em9y9,glapwood3t
Nomi,Stiffell,nstiffell3u@bbc.co.uk,N78YCPJZ2jWq,nstiffell3u
Demott,Palombi,dpalombi3v@mlb.com,ebEfsRuv,dpalombi3v
Salim,Korb,skorb3w@quantcast.com,pYBDaDWRp,skorb3w
Pernell,Stobo,pstobo3x@woothemes.com,4XtnW6xZ,pstobo3x
Meghann,Headland,mheadland3y@phpbb.com,3u6D1RahEt45,mheadland3y
Roze,Hare,rhare3z@nih.gov,lrxtgOX,rhare3z
Murial,Portam,mportam40@jalbum.net,qQlh4ZxYV,mportam40
Felicio,Dyter,fdyter41@techcrunch.com,7kFSLS6owl,fdyter41
Annadiana,Hayler,ahayler42@independent.co.uk,l54Wuuw5,ahayler42
Bonni,Alans,balans43@friendfeed.com,MmKSX8d2a,balans43
Vincents,Pinnocke,vpinnocke44@blogtalkradio.com,sEFrabW,vpinnocke44
Caroline,Frankland,cfrankland45@godaddy.com,VYFLDl1IGO7o,cfrankland45
Verile,Urch,vurch46@networkadvertising.org,aUWgKt,vurch46
Hilary,Garwell,hgarwell47@senate.gov,A32OgF,hgarwell47
Tiebold,Pinnegar,tpinnegar48@squarespace.com,K59mPUC,tpinnegar48
Gwendolyn,Colombier,gcolombier49@utexas.edu,IgEnM4pflH6,gcolombier49
Marlena,Brady,mbrady4a@mozilla.org,uWB5zqqqSDOd,mbrady4a
Max,Sweating,msweating4b@mit.edu,PtWHtXi5P,msweating4b
Anya,Andrew,aandrew4c@usnews.com,dezS0WYHm3o,aandrew4c
Edan,Noller,enoller4d@elegantthemes.com,cAykzgIa4NtF,enoller4d
Duff,Coggles,dcoggles4e@bloglines.com,o4cLrVn,dcoggles4e
Deloris,Timbrell,dtimbrell4f@1688.com,pWuFSMA51sx,dtimbrell4f
Carmina,Lavarack,clavarack4g@youtu.be,aVpHh19B7d,clavarack4g
Adora,Sell,asell4h@google.nl,fihp5Z70CTR,asell4h
Dee dee,Tiller,dtiller4i@1und1.de,pMMOYlw4g,dtiller4i
Jerrylee,Goves,jgoves4j@symantec.com,5F2yawEt1,jgoves4j
Carlen,McCreedy,cmccreedy4k@jalbum.net,LK36tK7,cmccreedy4k
Avictor,Trethowan,atrethowan4l@guardian.co.uk,magUZLAP,atrethowan4l
Lilllie,Gaul,lgaul4m@ask.com,A1RIVuSryq,lgaul4m
Demetrius,Pendergrast,dpendergrast4n@washingtonpost.com,mRIEmTDbaZuj,dpendergrast4n
Kendre,Baskerville,kbaskerville4o@issuu.com,XXxybFs,kbaskerville4o
Vera,Wegman,vwegman4p@narod.ru,v6Kh4s2,vwegman4p
Umberto,Cokly,ucokly4q@reverbnation.com,sPnOJ4VM1I,ucokly4q
Jehu,Krysztofiak,jkrysztofiak4r@alibaba.com,mKFwC20vttoh,jkrysztofiak4r
Tonye,Romaynes,tromaynes4s@ycombinator.com,MgaYtQzMKia,tromaynes4s
Hyatt,Sarch,hsarch4t@typepad.com,kLaEZb,hsarch4t
Dallas,Rippin,drippin4u@msu.edu,GeqbhLxdWly,drippin4u
Magdalena,Tidcombe,mtidcombe4v@spiegel.de,AYDWLL,mtidcombe4v
Lora,Mudie,lmudie4w@ca.gov,DQinGpq,lmudie4w
Farrah,Summers,fsummers4x@theguardian.com,b5xEGsWr,fsummers4x
Dredi,Marcroft,dmarcroft4y@nih.gov,CFYwzUo3B,dmarcroft4y
Wald,Darcy,wdarcy4z@blinklist.com,ocNTTTP,wdarcy4z
Burr,Palatini,bpalatini50@vkontakte.ru,WlQMl1,bpalatini50
Evonne,Rojahn,erojahn51@harvard.edu,dlfPpn,erojahn51
Murdock,Baggarley,mbaggarley52@google.com.au,iPs5yHl,mbaggarley52
Ryun,Atcherley,ratcherley53@feedburner.com,l5Gd1CtmEu,ratcherley53
Fionnula,Espasa,fespasa54@cnet.com,PfZXytCB,fespasa54
Derrek,Gawn,dgawn55@clickbank.net,RxOxjYwR5,dgawn55
Marshall,Iorizzo,miorizzo56@umn.edu,UxiofCJ,miorizzo56
Josephina,Guy,jguy57@chicagotribune.com,SL2ZU5HQb7Z,jguy57
Siusan,Pover,spover58@cam.ac.uk,B1zQqmS4N,spover58
Robbie,Ivons,rivons59@psu.edu,vbVm0Z4,rivons59
Breanne,Isley,bisley5a@adobe.com,SmP9xUr2nN,bisley5a
Brande,Ferrolli,bferrolli5b@etsy.com,4MONMcv0,bferrolli5b
Dorena,Work,dwork5c@yahoo.com,db0NPdEC,dwork5c
Edna,Figura,efigura5d@pagesperso-orange.fr,97gfZ9,efigura5d
Reginauld,Bearn,rbearn5e@gravatar.com,AvWsqQ,rbearn5e
Myrtie,Jaggard,mjaggard5f@google.ru,M8MOCpF1dz,mjaggard5f
Annaliese,Wrathmall,awrathmall5g@miibeian.gov.cn,MVmQV7oP,awrathmall5g
Aggy,Bearcroft,abearcroft5h@mlb.com,5YmJYbh0oH,abearcroft5h
Carmen,Mapes,cmapes5i@dell.com,N7Yw5p,cmapes5i
Sterling,Klulicek,sklulicek5j@shop-pro.jp,o4UrieNl9,sklulicek5j
Becky,Ruddell,bruddell5k@moonfruit.com,UY7axiLewqfw,bruddell5k
Abran,Franceschino,afranceschino5l@infoseek.co.jp,2GSaKq9c,afranceschino5l
Devlin,Ply,dply5m@gravatar.com,IIgMc8,dply5m
Ange,Sedcole,asedcole5n@mysql.com,HuB8wC,asedcole5n
Dalis,Britch,dbritch5o@amazon.co.uk,AhfgA5xFJc1Z,dbritch5o
Keane,Levey,klevey5p@tmall.com,bHQrth2bx,klevey5p
Cheryl,Canario,ccanario5q@wired.com,gr3NikKRyuSn,ccanario5q
Carmine,McArley,cmcarley5r@patch.com,FxiDPW2ps9,cmcarley5r
Sarine,Tookill,stookill5s@cbslocal.com,3OJjqnnIsDa,stookill5s
Ric,O'Scully,roscully5t@columbia.edu,t4VNYw5Nl,roscully5t
Alysia,Bernadot,abernadot5u@sciencedirect.com,rFff8weO,abernadot5u
Barbe,Blenkhorn,bblenkhorn5v@uiuc.edu,lqh8FuTn23q,bblenkhorn5v
Huberto,Godbehere,hgodbehere5w@answers.com,IrdJ00CGpw,hgodbehere5w
Reina,Lobbe,rlobbe5x@bravesites.com,luot1um4TLsy,rlobbe5x
Venita,Bradder,vbradder5y@wikia.com,fOm8MS,vbradder5y
Jamie,Glave,jglave5z@utexas.edu,ATUtv1s7x,jglave5z
Mirella,Elener,melener60@icio.us,ISApZ5p,melener60
Ebonee,Syme,esyme61@japanpost.jp,2mnj8N,esyme61
Emery,Theml,etheml62@answers.com,I6nayk,etheml62
Priscilla,Weadick,pweadick63@skyrock.com,JiOXSjASl,pweadick63
Deerdre,Delleschi,ddelleschi64@etsy.com,aKSYiGiMVl,ddelleschi64
Fania,Pudan,fpudan65@imageshack.us,z7QTLF8iO0,fpudan65
Dylan,Ellesmere,dellesmere66@bigcartel.com,4reRO6CrtPyL,dellesmere66
Jamil,Worster,jworster67@gizmodo.com,eQuEB4ZcFC4,jworster67
Alejandro,McDermott-Row,amcdermottrow68@dion.ne.jp,M6pjRHqn,amcdermottrow68
Athena,Lethibridge,alethibridge69@mysql.com,GITVwRc9HK1,alethibridge69
Win,Turfrey,wturfrey6a@ucoz.com,yyoLmpmB2ER,wturfrey6a
Tome,Petzold,tpetzold6b@nifty.com,bdiFDC4,tpetzold6b
Merrill,Bodd,mbodd6c@multiply.com,fOpAnHZxCxY,mbodd6c
Florentia,Estabrook,festabrook6d@unc.edu,mITWOe,festabrook6d
Milty,Verma,mverma6e@ifeng.com,POSRvXBw7GB2,mverma6e
Ulrika,Berrington,uberrington6f@eventbrite.com,S1ML0ys,uberrington6f
Onida,Fedorski,ofedorski6g@unicef.org,PICDyPyfFH,ofedorski6g
Hinze,Pudney,hpudney6h@etsy.com,bwFskP5649s,hpudney6h
Arley,Craigie,acraigie6i@constantcontact.com,saaFrOqEns0U,acraigie6i
Cinda,Holywell,cholywell6j@oakley.com,pD1zgRSvfg2,cholywell6j
Lilas,Ambrogetti,lambrogetti6k@shareasale.com,ll5W3ZG,lambrogetti6k
Pier,Rawlcliffe,prawlcliffe6l@csmonitor.com,eu7sM1O8,prawlcliffe6l
Gwyneth,Scoone,gscoone6m@hugedomains.com,aJrCjZoSQm,gscoone6m
Julianne,Durran,jdurran6n@howstuffworks.com,3O4egoq,jdurran6n
Donavon,Skyram,dskyram6o@twitter.com,1EPTbG3fQK3d,dskyram6o
Paxton,Buzin,pbuzin6p@salon.com,0IBuligh,pbuzin6p
Alphonse,Visco,avisco6q@exblog.jp,XcvD56UfFSYW,avisco6q
Ariela,Purchall,apurchall6r@odnoklassniki.ru,tFTH1n,apurchall6r
Jake,Arguile,jarguile6s@example.com,HKDiR1GPPS,jarguile6s
Todd,Pauly,tpauly6t@soup.io,R9DddYw6,tpauly6t
Hermine,Cawsey,hcawsey6u@t.co,ogHrhozG,hcawsey6u
Kerry,Coulsen,kcoulsen6v@guardian.co.uk,HUVZg7,kcoulsen6v
Barnaby,Scedall,bscedall6w@rediff.com,l14ZnJvN,bscedall6w
Cori,Prowse,cprowse6x@google.co.jp,i3UPAwUbOSCD,cprowse6x
Reg,Kisbey,rkisbey6y@amazon.co.uk,UT2HlumgheCK,rkisbey6y
Torr,Sturdy,tsturdy6z@discovery.com,lQUeiki24,tsturdy6z
Janine,Gadney,jgadney70@tmall.com,VLCsxCcWQ,jgadney70
Alexio,Skoate,askoate71@hubpages.com,3110m2ez1,askoate71
Federica,Rouff,frouff72@diigo.com,sMBM1e,frouff72
Norry,Pepin,npepin73@ustream.tv,LRNNy3b0HRr,npepin73
Eunice,Horsted,ehorsted74@ovh.net,5hQQHqZ,ehorsted74
Cathyleen,Boat,cboat75@php.net,0WjprJ0vLTqp,cboat75
Audrye,Kindread,akindread76@vkontakte.ru,RWlA4OLw,akindread76
Renata,Richfield,rrichfield77@facebook.com,KejoMsC,rrichfield77
Marysa,Snasdell,msnasdell78@kickstarter.com,rzQ9EATAQuPS,msnasdell78
Forrester,Cheyenne,fcheyenne79@economist.com,bHY3VB7,fcheyenne79
Leila,Mapstone,lmapstone7a@biblegateway.com,CQ8PKv0dZM,lmapstone7a
Leonora,Casa,lcasa7b@sogou.com,0QNKY7Opjjt,lcasa7b
Gussy,Tricker,gtricker7c@uiuc.edu,658Nc8k,gtricker7c
Mimi,Leve,mleve7d@yahoo.com,J95BDw3,mleve7d
Conant,Peatheyjohns,cpeatheyjohns7e@cisco.com,fGOlodmz,cpeatheyjohns7e
Jordanna,Peaple,jpeaple7f@alibaba.com,xjjeLw,jpeaple7f
Odell,Kenn,okenn7g@adobe.com,mOwwpHMWh7Cn,okenn7g
Gaye,Mumbey,gmumbey7h@blogtalkradio.com,rdPB7YFdWp,gmumbey7h
Bernadine,Jakucewicz,bjakucewicz7i@uiuc.edu,DUZP3usfP,bjakucewicz7i
Betteann,Storre,bstorre7j@epa.gov,ONukwaq0QgMA,bstorre7j
Sheff,MacKniely,smackniely7k@hatena.ne.jp,knIsZV9j,smackniely7k
Sapphire,Gryglewski,sgryglewski7l@google.cn,JJvB9Gdeukg,sgryglewski7l
Reinaldos,Dixie,rdixie7m@edublogs.org,U2gjJNRn4cGQ,rdixie7m
Berkeley,Applebee,bapplebee7n@cafepress.com,9jlxaD,bapplebee7n
Lee,Jeenes,ljeenes7o@cafepress.com,sYU4kULto,ljeenes7o
Jasmina,Cleminson,jcleminson7p@ehow.com,DSOup5HfQYq,jcleminson7p
Tiebold,Hammond,thammond7q@google.com,qBLiCR,thammond7q
Phyllida,Dilrew,pdilrew7r@answers.com,nLFReEc0X,pdilrew7r
Jan,Ferretti,jferretti7s@ning.com,am3jd459,jferretti7s
Alf,Lisimore,alisimore7t@marriott.com,ib3OsxCj8M,alisimore7t
Raine,Hefford,rhefford7u@youtube.com,jgjSvGiC5ECa,rhefford7u
Rahel,Eastridge,reastridge7v@adobe.com,8wKBJJDg,reastridge7v
Willi,Nuss,wnuss7w@fema.gov,UlpeKUddu,wnuss7w
Dyna,Nezey,dnezey7x@ihg.com,2NctPz,dnezey7x
Helen-elizabeth,Maysor,hmaysor7y@apple.com,JkiaXzouzisZ,hmaysor7y
See,Terram,sterram7z@123-reg.co.uk,YAiE8Ps,sterram7z
Grata,Claricoates,gclaricoates80@ustream.tv,R7nzHiQb3er,gclaricoates80
Melosa,St Angel,mstangel81@amazon.co.jp,0skIw9npV,mstangel81
Daisi,Vellender,dvellender82@purevolume.com,PcrsffzjV2,dvellender82
Scarlet,Sibbald,ssibbald83@artisteer.com,8q9Hf3wwMoHc,ssibbald83
Alfred,Backson,abackson84@intel.com,rDW5yu,abackson84
Benny,Colvin,bcolvin85@ehow.com,RKk41HC,bcolvin85
Eugene,Yakobovitz,eyakobovitz86@a8.net,VEmW4hcJBtH,eyakobovitz86
Denis,Nuscha,dnuscha87@alexa.com,cp1pYk5,dnuscha87
Keefe,Inott,kinott88@yellowpages.com,JTU8dv6,kinott88
Mickie,Maywood,mmaywood89@lycos.com,vplDYOOV,mmaywood89
Aldwin,Connett,aconnett8a@canalblog.com,8GrV0xEF,aconnett8a
Warren,Shellsheere,wshellsheere8b@so-net.ne.jp,GWMNgKBX,wshellsheere8b
Vevay,Kenderdine,vkenderdine8c@bloglovin.com,uw2yFbakiE,vkenderdine8c
Emylee,Forrest,eforrest8d@yandex.ru,81wkt9orbmr,eforrest8d
Fons,Waltering,fwaltering8e@whitehouse.gov,2jTrdy2p,fwaltering8e
Hamil,Blindermann,hblindermann8f@umn.edu,FyHiz8ca5j,hblindermann8f
Lonnard,Crofts,lcrofts8g@google.de,iNypIc3S,lcrofts8g
Ax,Croxley,acroxley8h@youtu.be,1exYJvOvvH6p,acroxley8h
Frances,Geraldini,fgeraldini8i@clickbank.net,eBvrsxuB,fgeraldini8i
Marijo,Jedrzaszkiewicz,mjedrzaszkiewicz8j@bloglines.com,HMWbtoY,mjedrzaszkiewicz8j
Michaelina,McLugaish,mmclugaish8k@cisco.com,tmhPugP69c,mmclugaish8k
Carmen,Jockle,cjockle8l@independent.co.uk,EgpomIO,cjockle8l
Marlowe,Jakaway,mjakaway8m@patch.com,Jw8ThG2YrJ,mjakaway8m
Minetta,Stobbart,mstobbart8n@globo.com,Y5RgviIjMQ60,mstobbart8n
Sherman,Carragher,scarragher8o@fastcompany.com,zgcW9X,scarragher8o
Mayer,Doley,mdoley8p@dropbox.com,btumOelVJD,mdoley8p
Jeanine,Culleton,jculleton8q@foxnews.com,ctHDHUNLAJW4,jculleton8q
Morena,Leavens,mleavens8r@thetimes.co.uk,DtymaCm,mleavens8r
Octavius,Andriolli,oandriolli8s@stumbleupon.com,iY9gKJ,oandriolli8s
Odey,Auger,oauger8t@boston.com,mGi4YMJs,oauger8t
Marys,Fairley,mfairley8u@cargocollective.com,8dmyfGIirU,mfairley8u
Harley,Scadden,hscadden8v@wix.com,hxXCa42l,hscadden8v
Aleda,Oller,aoller8w@blogger.com,6O0pn1,aoller8w
Mada,Antosik,mantosik8x@examiner.com,xZAxkR4nisB,mantosik8x
Rodolfo,Olohan,rolohan8y@phpbb.com,DgldvH,rolohan8y
Trent,Austing,tausting8z@posterous.com,2Sxoi2r,tausting8z
Aurthur,Assender,aassender90@booking.com,qtFEyShOPFP4,aassender90
Carilyn,Brannigan,cbrannigan91@google.com,9LcKxKT,cbrannigan91
Estelle,Spencer,espencer92@mtv.com,GEbPvWV,espencer92
Irvin,Kinnar,ikinnar93@sphinn.com,80MDZXZ7,ikinnar93
Maren,Toth,mtoth94@irs.gov,ANh0dBXB5b3,mtoth94
Colas,Glasscott,cglasscott95@dion.ne.jp,VDKPDlk,cglasscott95
Guendolen,Carnock,gcarnock96@globo.com,jo1UNANFGh,gcarnock96
Roxanna,Hoodless,rhoodless97@e-recht24.de,X4eHPMRzw,rhoodless97
Sharl,Madigan,smadigan98@wp.com,WHbaoOSr,smadigan98
Lesley,Garrick,lgarrick99@drupal.org,lmMK3ty3vf,lgarrick99
Sky,McCready,smccready9a@marketwatch.com,sk8S7Q,smccready9a
Grete,Friedman,gfriedman9b@nhs.uk,6aS94kirfeZ,gfriedman9b
Nicol,Casone,ncasone9c@dropbox.com,gEExYBvviyXe,ncasone9c
Bertrando,Belcham,bbelcham9d@skype.com,BxmelX,bbelcham9d
Wynne,Bladen,wbladen9e@google.com.hk,qtrw8NrJsw,wbladen9e
Ella,Bainton,ebainton9f@huffingtonpost.com,vnOwLMXdcuUG,ebainton9f
Sandra,Silverstone,ssilverstone9g@newsvine.com,8ipU0GW7soXK,ssilverstone9g
Ros,Crunkhorn,rcrunkhorn9h@meetup.com,FNKupg3cC2Gl,rcrunkhorn9h
Sadella,Barajas,sbarajas9i@godaddy.com,JJqVNWc,sbarajas9i
Myrta,Browncey,mbrowncey9j@google.com,kv74wkUw,mbrowncey9j
Marice,Hendrichs,mhendrichs9k@sciencedaily.com,UF8ftAgZ,mhendrichs9k
Weber,Chaff,wchaff9l@addthis.com,96ehCVjzro,wchaff9l
Dianna,Arnaudet,darnaudet9m@feedburner.com,sUzGHhFeyI6E,darnaudet9m
Link,Chellam,lchellam9n@umich.edu,gALlfDg2CtkK,lchellam9n
Alayne,Earnshaw,aearnshaw9o@domainmarket.com,bruKYIU5,aearnshaw9o
Brendon,Barbrick,bbarbrick9p@feedburner.com,Zm7FZkF8mS3l,bbarbrick9p
Cletus,Catton,ccatton9q@bloglines.com,4vgkIt6kCB7b,ccatton9q
Emelen,Hindrich,ehindrich9r@sakura.ne.jp,WeODRCWw4SH,ehindrich9r
Sumner,Taphouse,staphouse9s@bravesites.com,F3rhBT,staphouse9s
Mychal,Adlington,madlington9t@twitter.com,7f0w7Ztqf,madlington9t
Miller,Byas,mbyas9u@economist.com,3cZzgIXgNcU,mbyas9u
Ansley,Hasely,ahasely9v@qq.com,U7Jwessd,ahasely9v
Jeramey,Izod,jizod9w@businessweek.com,MwYQ7A,jizod9w
Philbert,Goulston,pgoulston9x@yellowbook.com,I9QbWCwK,pgoulston9x
Emeline,Montilla,emontilla9y@un.org,NMiLhp,emontilla9y
Brenna,Fozard,bfozard9z@cnet.com,Jg4LOqYD96,bfozard9z
Mab,Boram,mborama0@bloglines.com,kPUqZMw5,mborama0
Camel,Varndall,cvarndalla1@cnbc.com,2na8eUWd,cvarndalla1
Dorthea,Arpin,darpina2@etsy.com,lZl1wY8Tamd,darpina2
Sophie,Wilstead,swilsteada3@nhs.uk,4wXlcx4eWL,swilsteada3
Torr,MacGeffen,tmacgeffena4@nyu.edu,r8wWqbQJHU,tmacgeffena4
Harwilll,Thorius,hthoriusa5@java.com,LqECfKuLb,hthoriusa5
Kendell,Guilliland,kguillilanda6@arizona.edu,DNs5MbKlgdPh,kguillilanda6
Tucky,Newiss,tnewissa7@japanpost.jp,ZbscyDGfb,tnewissa7
Bordy,Longmire,blongmirea8@cnn.com,VosDIeUtD3,blongmirea8
Isobel,Gildersleaves,igildersleavesa9@mapy.cz,UwSpAcG40a2N,igildersleavesa9
Tonia,Mandy,tmandyaa@github.io,vZW7DAzB,tmandyaa
Christophe,Crosetto,ccrosettoab@plala.or.jp,fQOBuQM,ccrosettoab
Maggy,Torresi,mtorresiac@nyu.edu,gQ8ubmJ5,mtorresiac
Marten,Colbran,mcolbranad@amazon.co.jp,EZxJElfBvA,mcolbranad
Teirtza,Jorck,tjorckae@dropbox.com,2nKzDTbAWm,tjorckae
Lorianna,Rissen,lrissenaf@senate.gov,qEBn6xq9,lrissenaf
Mata,O'Hingerty,mohingertyag@php.net,S7IPJjU,mohingertyag
Allison,Doerffer,adoerfferah@google.com.br,KiTbbGXM9,adoerfferah
Skye,Adcocks,sadcocksai@discuz.net,v7pDDn,sadcocksai
Erie,Hatcliffe,ehatcliffeaj@taobao.com,9EhjHzeAA6nN,ehatcliffeaj
Toma,Follet,tfolletak@networksolutions.com,YMdmgfQ,tfolletak
Terrance,Golton,tgoltonal@indiatimes.com,zUypnPv,tgoltonal
Feliks,Phette,fphetteam@msu.edu,yLJlWs,fphetteam
Chere,Hackelton,chackeltonan@rediff.com,XuUSl7KPl,chackeltonan
Flss,Westpfel,fwestpfelao@typepad.com,0MhMb6K,fwestpfelao
Hedwiga,Whapham,hwhaphamap@mediafire.com,kIkbpZ,hwhaphamap
Brocky,Murricanes,bmurricanesaq@youtu.be,YOMKXK,bmurricanesaq
Tabbatha,Whale,twhalear@uiuc.edu,vBH7bap,twhalear
Randee,Adolthine,radolthineas@e-recht24.de,py36cd3h,radolthineas
Jacquetta,Lealle,jlealleat@baidu.com,H9fA2spso,jlealleat
Opaline,Feavyour,ofeavyourau@soup.io,87K1e2,ofeavyourau
Izabel,Tander,itanderav@naver.com,vZ7JyG5DNE8,itanderav
Georgeanna,Jillions,gjillionsaw@is.gd,EEgLCSSzV,gjillionsaw
Corrinne,Londer,clonderax@hatena.ne.jp,2mvwkbVGxm6,clonderax
Phineas,Delacourt,pdelacourtay@apache.org,sqGLtA3wyJn,pdelacourtay
Debee,Dummigan,ddummiganaz@alexa.com,s7oOGLjj,ddummiganaz
Kyle,Deely,kdeelyb0@thetimes.co.uk,mgj7kJMw,kdeelyb0
Xavier,Dubock,xdubockb1@ucsd.edu,NL8YpvxtCK,xdubockb1
Bernita,Alessandretti,balessandrettib2@wikia.com,f8xtEOiqI,balessandrettib2
Brady,Hamon,bhamonb3@ihg.com,8EsPhaxKdIe,bhamonb3
Glendon,McBeth,gmcbethb4@usa.gov,GykXGW2A,gmcbethb4
Artus,Pattullo,apattullob5@weebly.com,yciTqZ,apattullob5
Gonzales,Musk,gmuskb6@goo.ne.jp,23kgjRr,gmuskb6
Rolfe,Grigolli,rgrigollib7@bloglovin.com,cQaIAq,rgrigollib7
Mair,Middle,mmiddleb8@istockphoto.com,HspdlK8vQmb,mmiddleb8
Bili,Gravenell,bgravenellb9@shinystat.com,eptfuL2NCqiZ,bgravenellb9
Eduino,Halstead,ehalsteadba@symantec.com,lShWPY80f4nh,ehalsteadba
Bellina,Muckersie,bmuckersiebb@forbes.com,dstOx4jDT2Qx,bmuckersiebb
Bonni,Taylot,btaylotbc@sciencedaily.com,gpKDbX0yI5R,btaylotbc
Chaunce,Pareman,cparemanbd@samsung.com,cRYezc0ty,cparemanbd
Susanna,Khan,skhanbe@businessinsider.com,tMN50hcYg,skhanbe
Andris,Druery,adruerybf@jalbum.net,UKf0Bf,adruerybf
Aeriel,Dulanty,adulantybg@altervista.org,Spqzctx,adulantybg
Windham,Chevalier,wchevalierbh@dailymail.co.uk,1qSWEbKwlcW,wchevalierbh
Elwood,Di Iorio,ediioriobi@nymag.com,Szi4npYfhOu9,ediioriobi
Loleta,Roubay,lroubaybj@dedecms.com,ezsE8PeL,lroubaybj
Kelley,Daniellot,kdaniellotbk@youtube.com,3rniqNFOmK,kdaniellotbk
Perry,Rubinchik,prubinchikbl@cloudflare.com,tsPQVbdY,prubinchikbl
Delila,Heinonen,dheinonenbm@ebay.com,imAzuk96z,dheinonenbm
Shirline,Ruck,sruckbn@theguardian.com,k5h1Ul7KrYnV,sruckbn
Alys,Liebrecht,aliebrechtbo@imgur.com,70FN3V,aliebrechtbo
Rivi,Farlam,rfarlambp@wikimedia.org,iZDetUpgP,rfarlambp
Maggie,Kubin,mkubinbq@123-reg.co.uk,CYqmFNMAuMw,mkubinbq
Isadore,Ingray,iingraybr@sitemeter.com,nbVsdaGy,iingraybr
Yetta,Moro,ymorobs@wired.com,aZJaQYt6,ymorobs
Giorgi,Greswell,ggreswellbt@tinyurl.com,6Aoh7CCM,ggreswellbt
Hieronymus,Andreoletti,handreolettibu@hubpages.com,DxvA82vVqs,handreolettibu
Virginia,Constantine,vconstantinebv@apple.com,ZaAshccFkCW,vconstantinebv
Rebbecca,Lebell,rlebellbw@washington.edu,PmO7YBXiNPC,rlebellbw
Pieter,Ratnege,pratnegebx@chicagotribune.com,K6OxPlBL,pratnegebx
Cob,Kopec,ckopecby@hhs.gov,WChPVI,ckopecby
Eveline,Wilderspoon,ewilderspoonbz@nasa.gov,8YBvEk6gok,ewilderspoonbz
Carrissa,Tailby,ctailbyc0@indiatimes.com,SJLxVxag5,ctailbyc0
Aimee,Hachette,ahachettec1@whitehouse.gov,rgft3qMquATy,ahachettec1
Vevay,Candwell,vcandwellc2@mtv.com,g2NbWMs0,vcandwellc2
Ancell,Edes,aedesc3@google.fr,QqFqwMlVTgoj,aedesc3
Maegan,Waycot,mwaycotc4@gizmodo.com,MMbq6zWvn5jw,mwaycotc4
Courtney,Balke,cbalkec5@theglobeandmail.com,G0ljNyu2rs,cbalkec5
Daisi,Enticknap,denticknapc6@ocn.ne.jp,UziALxvX,denticknapc6
Allene,Lanfranconi,alanfranconic7@dell.com,FGvnNFLWL,alanfranconic7
Tadd,Holdin,tholdinc8@behance.net,MI2v8awPZrN7,tholdinc8
Cheryl,Dunsire,cdunsirec9@chron.com,dgqD34X25ekP,cdunsirec9
Bertie,Fransewich,bfransewichca@shutterfly.com,CiAGOS9aLadE,bfransewichca
Melesa,Rogliero,mroglierocb@livejournal.com,8KmgFYTe,mroglierocb
Kaitlynn,Ploughwright,kploughwrightcc@jiathis.com,zeKVVlk,kploughwrightcc
Jamaal,Puckham,jpuckhamcd@businessinsider.com,SFIEeZ5887,jpuckhamcd
Sergio,Weippert,sweippertce@msn.com,fx4rO3osb7,sweippertce
Ilyse,Gribbell,igribbellcf@blogger.com,yxzLkw4J,igribbellcf
Stevana,Perrelli,sperrellicg@ehow.com,44LK4ZwjLFV,sperrellicg
Hugibert,Kopecka,hkopeckach@berkeley.edu,cJZ13n,hkopeckach
Caresa,Sambell,csambellci@github.io,uGPdXzBJyq,csambellci
Gae,Iorio,gioriocj@adobe.com,bkgBPtPr,gioriocj
Cortney,Aingell,caingellck@seattletimes.com,bmYrwfKqK,caingellck
Lulu,Lezemore,llezemorecl@altervista.org,NxHpRtbfHLCr,llezemorecl
Nanci,Carrigan,ncarrigancm@opera.com,TjlR6J4,ncarrigancm
Teador,Sealy,tsealycn@ameblo.jp,3UBbAvHabn,tsealycn
Urbano,Franzen,ufranzenco@umich.edu,kghInaGeXzQk,ufranzenco
Ashely,Chatwin,achatwincp@sitemeter.com,IifkuRls,achatwincp
Jerrie,Bracknall,jbracknallcq@gnu.org,23ZDp3P5nM8,jbracknallcq
Anette,Ayars,aayarscr@purevolume.com,GZK0Ucmh,aayarscr
Monique,Haggar,mhaggarcs@moonfruit.com,vBM05Bcm,mhaggarcs
Brittan,Schroder,bschroderct@ox.ac.uk,ysWTOZ30S312,bschroderct
Thadeus,Bwy,tbwycu@jugem.jp,e4O0GyGM,tbwycu
Hersh,Cady,hcadycv@bing.com,m5kA2dmTT2,hcadycv
Decca,Jennery,djennerycw@deviantart.com,HHnlDx3WoE5u,djennerycw
Korrie,Lago,klagocx@elegantthemes.com,T2sciK38L6tV,klagocx
Malinda,Gilardengo,mgilardengocy@amazonaws.com,82EBYH,mgilardengocy
Joya,Bassett,jbassettcz@t-online.de,oCOh6X4npm,jbassettcz
Dreddy,Sliney,dslineyd0@unc.edu,82UbwqL7Ak,dslineyd0
Fowler,Evitt,fevittd1@foxnews.com,5JfDYj,fevittd1
Aileen,Wegenen,awegenend2@amazon.co.uk,gxCSwWf,awegenend2
Juan,Lakenden,jlakendend3@amazon.de,5etSAAQS,jlakendend3
Kial,Bodesson,kbodessond4@loc.gov,OQjL0MMZkk,kbodessond4
Mersey,Skittrall,mskittralld5@imgur.com,8GtJ9kFb,mskittralld5
Rafa,Ceillier,rceillierd6@cdbaby.com,OeO3KSLlQoXb,rceillierd6
Farah,Everist,feveristd7@census.gov,G7Pi7MwXR3Z1,feveristd7
Elijah,Gabotti,egabottid8@goodreads.com,4z7YC6pA,egabottid8
Marybeth,Burgise,mburgised9@hhs.gov,p2qboB7A,mburgised9
Florri,Durrans,fdurransda@google.nl,bs2Eo3,fdurransda
Pierette,Seamon,pseamondb@craigslist.org,aKXYimqpE,pseamondb
Gaby,Jobke,gjobkedc@typepad.com,3CPUmMot,gjobkedc
Trixi,De Santos,tdesantosdd@dedecms.com,Md8tB2TEeX,tdesantosdd
Salomi,Yukhnevich,syukhnevichde@hibu.com,M1slzryVa,syukhnevichde
Howey,Meeks,hmeeksdf@technorati.com,Mwt5pscx,hmeeksdf
Larry,Mutton,lmuttondg@ask.com,mXOc2Fn,lmuttondg
Ansley,Vicent,avicentdh@uiuc.edu,3QgPGNzm,avicentdh
Branden,Middlehurst,bmiddlehurstdi@t.co,o7ibEWZk,bmiddlehurstdi
Kirbee,Granville,kgranvilledj@senate.gov,Xbnv2SnVKOI,kgranvilledj
Johny,Heinsius,jheinsiusdk@abc.net.au,GlP1U7f41,jheinsiusdk
Zolly,O'Sharkey,zosharkeydl@pinterest.com,RdoOqbk,zosharkeydl
Corny,Gounel,cgouneldm@telegraph.co.uk,eHVbbh1s,cgouneldm
Sela,Ollington,sollingtondn@skyrock.com,jSCZjWedhMJp,sollingtondn
Bernadette,Sinott,bsinottdo@wikipedia.org,kFvVOWQA,bsinottdo
Peggy,Dighton,pdightondp@google.co.uk,He3fwWpCyla,pdightondp
Beltran,Onraet,bonraetdq@squidoo.com,EehSZbSMAjWD,bonraetdq
Nicoline,Kinzel,nkinzeldr@nasa.gov,FDMDKd,nkinzeldr
Meris,Reynish,mreynishds@cam.ac.uk,lDfijD,mreynishds
Minnnie,Sabie,msabiedt@nbcnews.com,IUNAZxU,msabiedt
Sarette,Twelvetrees,stwelvetreesdu@theguardian.com,B61HSZL,stwelvetreesdu
Gennifer,Dykins,gdykinsdv@mayoclinic.com,aQFlz4Sa1n,gdykinsdv
Nikolaus,Paradyce,nparadycedw@nydailynews.com,fWnueS,nparadycedw
Una,Pendrigh,upendrighdx@blogtalkradio.com,z0VBlhS6h,upendrighdx
Galvin,Petrolli,gpetrollidy@businessweek.com,pBkVh3o1D,gpetrollidy
Colby,Chicken,cchickendz@shinystat.com,uFaYz7O,cchickendz
Tiffany,Ginger,tgingere0@stanford.edu,kt28nQu,tgingere0
Carmine,Koppe,ckoppee1@hugedomains.com,WDiYbdzY,ckoppee1
Pinchas,Westrip,pwestripe2@hexun.com,tarcbGOsoln9,pwestripe2
Reynolds,Templeman,rtemplemane3@newsvine.com,01coJNC,rtemplemane3
Kiersten,Magarrell,kmagarrelle4@wikipedia.org,L7HLiXHP,kmagarrelle4
Chase,MacKean,cmackeane5@blogtalkradio.com,1S1R5bkRp,cmackeane5
Xaviera,Durbin,xdurbine6@symantec.com,iDI1lf,xdurbine6
Andrew,Ebbles,aebblese7@epa.gov,BBGpKT9qJim,aebblese7
Blythe,Jeppensen,bjeppensene8@squidoo.com,Algex8pjnK,bjeppensene8
Linet,Treske,ltreskee9@simplemachines.org,qRsPBd,ltreskee9
Osmond,Aronow,oaronowea@gizmodo.com,4fVw2WY,oaronowea
Daffy,Aubry,daubryeb@mapy.cz,Qidzt5T,daubryeb
Willie,Tapson,wtapsonec@wp.com,b7qqPTdOE4kM,wtapsonec
Chryste,Mugleston,cmuglestoned@cbslocal.com,O85lXwbq,cmuglestoned
Sherm,Loverock,sloverockee@forbes.com,qNBLV6b1j,sloverockee
Merla,Greiswood,mgreiswoodef@com.com,3VPtDaZQ,mgreiswoodef
Maximilien,Foch,mfocheg@cnbc.com,L1apIhd,mfocheg
Flo,Talloe,ftalloeeh@comcast.net,hDFAPy,ftalloeeh
Solomon,Halms,shalmsei@blog.com,3CSy3sIfy,shalmsei
Alicea,Collie,acollieej@auda.org.au,1Q4D6Q,acollieej
Zachary,Casolla,zcasollaek@facebook.com,4KFtKKwKV,zcasollaek
Malcolm,Braine,mbraineel@phoca.cz,eQgkCU,mbraineel
Roderic,Pittendreigh,rpittendreighem@last.fm,dVBOFu2QG,rpittendreighem
Rhetta,Claydon,rclaydonen@nasa.gov,ueHMMdcet,rclaydonen
Vivianne,Feaviour,vfeavioureo@businessinsider.com,jq5TsQ049d,vfeavioureo
Shayne,Aizic,saizicep@jigsy.com,9Vts50U,saizicep
El,Santorini,esantorinieq@google.com.hk,7TsCpYqnY1,esantorinieq
Marty,Mum,mmumer@businesswire.com,xOntS2i,mmumer
Doralia,D'Alesco,ddalescoes@cbslocal.com,SLGW02r,ddalescoes
Isa,Gillaspy,igillaspyet@phpbb.com,zz3u0fGQQuV,igillaspyet
Baxy,Philipard,bphilipardeu@booking.com,aKiHO4PQwGF,bphilipardeu
Udell,Osgar,uosgarev@elpais.com,Sn4DIqNfNlB,uosgarev
Lana,Tipping,ltippingew@lycos.com,cmIyI8inpY,ltippingew
Salaidh,Rearie,srearieex@noaa.gov,wrNJQIDEt,srearieex
Oswald,O'Heffernan,ooheffernaney@oracle.com,0RPpkVVP,ooheffernaney
Stephi,Guidera,sguideraez@opensource.org,JjXwyrcuSE,sguideraez
Griselda,Cradoc,gcradocf0@angelfire.com,6PfH9JP,gcradocf0
Lazarus,Chese,lchesef1@123-reg.co.uk,2gseDq3y6njJ,lchesef1
Candace,Bartelot,cbartelotf2@moonfruit.com,xGrRUh69efEQ,cbartelotf2
Marissa,Pohls,mpohlsf3@apache.org,3aK1PAaP9Um,mpohlsf3
Sauveur,Valente,svalentef4@dailymail.co.uk,FzFKtLm71T,svalentef4
Rowan,Syversen,rsyversenf5@nationalgeographic.com,wHZHGJw,rsyversenf5
Illa,Nesbitt,inesbittf6@irs.gov,lS9WIZKHK1,inesbittf6
Grayce,Capron,gcapronf7@webs.com,dgtC1Ig0,gcapronf7
Rolland,Hessenthaler,rhessenthalerf8@seesaa.net,6o75cSywwb,rhessenthalerf8
Rupert,Westmoreland,rwestmorelandf9@xing.com,xic4YMIhVE,rwestmorelandf9
Neal,Bedford,nbedfordfa@accuweather.com,x6cRnd,nbedfordfa
Talia,Lefeaver,tlefeaverfb@alexa.com,gW81pV,tlefeaverfb
Rani,Kurt,rkurtfc@marriott.com,qtYoFNqZ8,rkurtfc
Ogdan,Scouse,oscousefd@geocities.com,C38PevG,oscousefd
Roscoe,Mc Kellen,rmckellenfe@nbcnews.com,WGOdPZ1bdY,rmckellenfe
Hyman,Mcettrick,hmcettrickff@rambler.ru,KqQNbhEthWL,hmcettrickff
Wright,Malpass,wmalpassfg@multiply.com,hWnLFfexfl4S,wmalpassfg
Yetta,Vaan,yvaanfh@ehow.com,cIO5qLeK,yvaanfh
Andriette,Strauss,astraussfi@auda.org.au,tqXjylyd,astraussfi
Erica,Allsup,eallsupfj@columbia.edu,8hS4Fa98v,eallsupfj
Isabel,Yusupov,iyusupovfk@cbslocal.com,Fa8TWYzzJY,iyusupovfk
Oralee,MacAllester,omacallesterfl@mysql.com,rsTqq7w9,omacallesterfl
Yoshiko,Whyberd,ywhyberdfm@canalblog.com,qp6xaXHBOoxL,ywhyberdfm
Danell,Zamorano,dzamoranofn@europa.eu,cUdcmWW,dzamoranofn
Tony,Greenstead,tgreensteadfo@irs.gov,FUaXbl,tgreensteadfo
Gibbie,Schiefersten,gschieferstenfp@merriam-webster.com,GNXY9zdxYg,gschieferstenfp
Gustave,Whooley,gwhooleyfq@ifeng.com,BR8PK5bu,gwhooleyfq
Marthena,Strass,mstrassfr@networksolutions.com,QNvNL3mbn,mstrassfr
Gayle,Ibell,gibellfs@uol.com.br,eJU2dl,gibellfs
Desiree,Dowley,ddowleyft@t.co,P16SLcs7gmDG,ddowleyft
Pepita,Lilion,plilionfu@istockphoto.com,DhKw7rgvu5K,plilionfu
Marijn,McWhannel,mmcwhannelfv@cpanel.net,93TBzbEZaLV,mmcwhannelfv
Griff,Scollan,gscollanfw@yellowbook.com,uXoQm1vlp,gscollanfw
Jasmina,Woodburn,jwoodburnfx@yahoo.co.jp,oSQrtChSXF,jwoodburnfx
Jemmie,Dyte,jdytefy@topsy.com,KVoLp8,jdytefy
Gallard,Teaser,gteaserfz@com.com,qoj0AbzOMc5N,gteaserfz
Arin,Garaghan,agaraghang0@ebay.co.uk,8Lw1SIfV2j7,agaraghang0
Marta,Renoden,mrenodeng1@miibeian.gov.cn,buEkdm7A,mrenodeng1
Selina,Bould,sbouldg2@ifeng.com,GSl06AnP0FeL,sbouldg2
Kirsteni,Sprigging,kspriggingg3@so-net.ne.jp,C2Gh8BIi8c,kspriggingg3
Binky,Fairpo,bfairpog4@techcrunch.com,9j2BpRfo68s,bfairpog4
Matthiew,Bigland,mbiglandg5@artisteer.com,auJU9B5,mbiglandg5
Bria,Fargie,bfargieg6@shop-pro.jp,1z0I5bQ,bfargieg6
Ranice,Maharey,rmahareyg7@kickstarter.com,ChTR1oYkdOOD,rmahareyg7
Cyndie,Kornousek,ckornousekg8@engadget.com,oXE0FeiacLuj,ckornousekg8
Karon,Cawsey,kcawseyg9@google.es,UCGKpDi,kcawseyg9
Odessa,Macura,omacuraga@biglobe.ne.jp,vOg3aME,omacuraga
Esta,Yarwood,eyarwoodgb@homestead.com,Jp4lXwSwl,eyarwoodgb
Maximilian,Gaine of England,mgaineofenglandgc@tripod.com,1GS79dhFql2,mgaineofenglandgc
Dawn,Richardes,drichardesgd@wikia.com,9oYx2B2H4,drichardesgd
Billy,Adran,badrange@npr.org,BseLgnQQczMy,badrange
Shellysheldon,Schankel,sschankelgf@behance.net,tzRkVRafS,sschankelgf
Rosanne,Ranger,rrangergg@tmall.com,fOhQ6cXebJZx,rrangergg
Orland,Garrat,ogarratgh@devhub.com,EUQ5lO,ogarratgh
Baldwin,Batistelli,bbatistelligi@accuweather.com,YnkcVFJcFBJ,bbatistelligi
Jilly,Rechert,jrechertgj@nbcnews.com,dz3oN1p4NfF,jrechertgj
Trip,Pottiphar,tpottiphargk@typepad.com,qVDiPf,tpottiphargk
Nigel,Moyce,nmoycegl@senate.gov,crhpAEmJOA,nmoycegl
Maxwell,Stiell,mstiellgm@wsj.com,T4aQPgBAO,mstiellgm
Gerianne,Denne,gdennegn@patch.com,DJTr84SYXH,gdennegn
Andy,Healey,ahealeygo@cdc.gov,fWxCoKZq,ahealeygo
Lovell,Fitt,lfittgp@unicef.org,e109UdMIbB0,lfittgp
Christiana,Yanyshev,cyanyshevgq@mediafire.com,ScY8urKJengn,cyanyshevgq
Arabella,Feetham,afeethamgr@deliciousdays.com,5OHnvsTrfun,afeethamgr
Donetta,Kopfen,dkopfengs@timesonline.co.uk,TqMHMyJk,dkopfengs
Ellyn,Vaugham,evaughamgt@scientificamerican.com,vDZ94Mti4dUe,evaughamgt
Dun,Bowerman,dbowermangu@woothemes.com,S2onRMhdi,dbowermangu
Chrissie,Dobrowolny,cdobrowolnygv@forbes.com,1tF5eJtEzEZ4,cdobrowolnygv
Alden,Belchem,abelchemgw@tumblr.com,umJoy39HB,abelchemgw
Lauren,Dannatt,ldannattgx@intel.com,zOGov8Easi,ldannattgx
Janaya,Claricoats,jclaricoatsgy@amazon.com,DZfo2j6kyxE,jclaricoatsgy
Freedman,Woodberry,fwoodberrygz@4shared.com,tiKRrlsMfo,fwoodberrygz
Wyndham,Rebbeck,wrebbeckh0@newsvine.com,OlxgXySCG,wrebbeckh0
Suzanne,Jaspar,sjasparh1@usnews.com,zxmdBjYyg,sjasparh1
Hayes,Iwanczyk,hiwanczykh2@aol.com,lR7XTGXnoyO9,hiwanczykh2
Mata,Josovich,mjosovichh3@tamu.edu,eJLoK1q,mjosovichh3
Karita,Bagwell,kbagwellh4@linkedin.com,43D7U1Q,kbagwellh4
Berenice,Inett,binetth5@prnewswire.com,Pg1FGHifThw2,binetth5
Nichole,Mogg,nmoggh6@a8.net,w1vkim6VEk,nmoggh6
Marj,Robley,mrobleyh7@amazon.co.uk,jUKRqq0W,mrobleyh7
Hercules,Masters,hmastersh8@hostgator.com,OMbQzDqOx,hmastersh8
Cynthia,Negus,cnegush9@time.com,ToxkDr7ZoW2,cnegush9
Tadio,Asman,tasmanha@sphinn.com,nIvCoX9b,tasmanha
Fowler,Giordano,fgiordanohb@usnews.com,wT3m44m0,fgiordanohb
Mariellen,Mumbey,mmumbeyhc@washingtonpost.com,mimuSx3,mmumbeyhc
Tan,Drennan,tdrennanhd@mediafire.com,fL1VyUqY,tdrennanhd
Leticia,Beasleigh,lbeasleighhe@technorati.com,SwDrOrB,lbeasleighhe
Vassili,Spandley,vspandleyhf@ucoz.com,qeshf2G9,vspandleyhf
Stephannie,Durban,sdurbanhg@joomla.org,sxJVmugoKG,sdurbanhg
Saidee,Sextone,ssextonehh@netscape.com,7CDaLp,ssextonehh
Shellysheldon,Capel,scapelhi@bluehost.com,Ub1FbaBNw,scapelhi
Lyle,Shambrooke,lshambrookehj@amazon.com,NK7bZz9jz3,lshambrookehj
Munroe,Bothram,mbothramhk@fastcompany.com,ZrRg3qN97,mbothramhk
Kristofor,Gotliffe,kgotliffehl@geocities.com,cxbhuFpR,kgotliffehl
Giraldo,McCarthy,gmccarthyhm@census.gov,dmmW2o,gmccarthyhm
Benji,Bythell,bbythellhn@gravatar.com,ZwhyNQW9Q17G,bbythellhn
Jasper,Rowcliffe,jrowcliffeho@edublogs.org,IjzGDdmrat,jrowcliffeho
Charyl,Iacabucci,ciacabuccihp@4shared.com,CCzx8bmaD,ciacabuccihp
Randell,Blest,rblesthq@vkontakte.ru,Ket6HGbriOX,rblesthq
Arabella,Soro,asorohr@uol.com.br,XKFbU7moNvE,asorohr
Khalil,Butchard,kbutchardhs@unc.edu,D3OxpySpT,kbutchardhs
Merola,Karlmann,mkarlmannht@blogger.com,gT4MVqEYlsR4,mkarlmannht
Mufinella,Dunckley,mdunckleyhu@irs.gov,IVOBf33,mdunckleyhu
Katlin,Delany,kdelanyhv@shareasale.com,oGRaj22A5w,kdelanyhv
Jonell,Scanlon,jscanlonhw@vinaora.com,2gTTw5EG,jscanlonhw
Stewart,Rivalant,srivalanthx@slashdot.org,SfPHa2FEL,srivalanthx
Jeremias,Merriott,jmerriotthy@tiny.cc,a1IVWuQtaGw,jmerriotthy
Rudyard,Jarret,rjarrethz@adobe.com,uBihlfcy,rjarrethz
Herman,Huffey,hhuffeyi0@tamu.edu,y8FxuevMcT,hhuffeyi0
Saundra,Hamlett,shamletti1@admin.ch,We2fyLb,shamletti1
Pincas,Rudeforth,prudeforthi2@unicef.org,mn8RlBwU5,prudeforthi2
Camellia,Asprey,caspreyi3@typepad.com,GP1zUri,caspreyi3
Maribeth,Di Carlo,mdicarloi4@irs.gov,cy5uNtj,mdicarloi4
Packston,Angier,pangieri5@usa.gov,E0s9iKVrweR,pangieri5
Marinna,Tancock,mtancocki6@japanpost.jp,ucddxy5nX1,mtancocki6
Rozanne,Sneath,rsneathi7@deviantart.com,j4H6rm,rsneathi7
Abbye,Blackater,ablackateri8@booking.com,m3RzNUXMU0y,ablackateri8
Burtie,Donner,bdonneri9@tripadvisor.com,mi6oZk0,bdonneri9
Mata,Hof,mhofia@aol.com,OnYD7rzD,mhofia
Kandy,Emberson,kembersonib@friendfeed.com,ZyHxqf4,kembersonib
Loy,Judron,ljudronic@cnn.com,E3qVk5ZM7x,ljudronic
Hetti,Hallor,hhallorid@google.com.hk,xcYE17x7ihX,hhallorid
Stanford,Mowson,smowsonie@people.com.cn,L9maDHGbP9,smowsonie
Wallis,Blaschek,wblaschekif@weibo.com,HMI2uYG6b2,wblaschekif
Andrei,Preene,apreeneig@wp.com,CKraMbsRTyCC,apreeneig
Meara,Dayton,mdaytonih@cbsnews.com,q1FRar,mdaytonih
Herminia,Takis,htakisii@oakley.com,ddVTCKErij7m,htakisii
Van,Dorrity,vdorrityij@seattletimes.com,1rmFgCyi,vdorrityij
Miriam,Winn,mwinnik@yandex.ru,sQMLLt,mwinnik
Aryn,Britto,abrittoil@washingtonpost.com,xMnRVpP6Bcjs,abrittoil
Lissa,Semour,lsemourim@blogs.com,fMFS0GL,lsemourim
Adolphus,Gradly,agradlyin@simplemachines.org,ka97FEmlh3WK,agradlyin
Kris,Buckwell,kbuckwellio@google.com.au,fmpz2K,kbuckwellio
Donielle,Butchers,dbutchersip@skype.com,X4g0jfcBIqe,dbutchersip
Sig,Mabon,smaboniq@hugedomains.com,8O6xHuBkLOt,smaboniq
Lorita,Casaccio,lcasaccioir@clickbank.net,MuZtFRf7nacl,lcasaccioir
Patsy,Quinane,pquinaneis@vk.com,57onIFpCRQc,pquinaneis
Hildegarde,Hawlgarth,hhawlgarthit@hud.gov,qTMgvdlDY,hhawlgarthit
Horton,Fasson,hfassoniu@github.io,qzrzBQfYBEo7,hfassoniu
Reeva,Mirams,rmiramsiv@diigo.com,ZzY8ujAyTMaS,rmiramsiv
Montgomery,Kulic,mkuliciw@wufoo.com,L07GPNXt,mkuliciw
Albertine,Wheatland,awheatlandix@ca.gov,QqxNthv3j6s,awheatlandix
Tilly,Sadd,tsaddiy@1688.com,MoettY6,tsaddiy
Dorolisa,Syversen,dsyverseniz@usa.gov,f2MjDX4m7,dsyverseniz
Angeli,Dibsdale,adibsdalej0@yahoo.co.jp,MzZw0rlvF,adibsdalej0
Estrella,Trassler,etrasslerj1@sun.com,aBrwPHbis4z,etrasslerj1
Randy,Dyers,rdyersj2@gmpg.org,BQMfgUfxB7AY,rdyersj2
Aluin,Hyrons,ahyronsj3@thetimes.co.uk,x4D4EzFmM,ahyronsj3
Shari,Pagen,spagenj4@w3.org,yqCqTEVfR,spagenj4
Gipsy,Hysom,ghysomj5@cbslocal.com,N2jAzpAE,ghysomj5
Barbabas,De Rye Barrett,bderyebarrettj6@merriam-webster.com,zi3Jsa,bderyebarrettj6
Audi,Zappel,azappelj7@cloudflare.com,X0HqyKCYqb,azappelj7
Homerus,Roseburgh,hroseburghj8@tamu.edu,2S0O8CnGA,hroseburghj8
Tracee,Jervis,tjervisj9@msu.edu,YBPNuWAcSxR,tjervisj9
Fidelio,Rohfsen,frohfsenja@phpbb.com,L9i8Ql,frohfsenja
Daphne,Morrid,dmorridjb@answers.com,ZnItjAi,dmorridjb
Alasteir,Demaine,ademainejc@mozilla.com,xBYJS1,ademainejc
Lyndsie,Hambelton,lhambeltonjd@buzzfeed.com,cMTUAHAaSaR,lhambeltonjd
Richmound,Ruddin,rruddinje@disqus.com,TGwwl7B,rruddinje
Jackson,Gayne,jgaynejf@unblog.fr,Xiu9Avt0,jgaynejf
Elvin,Willshee,ewillsheejg@wired.com,6Qpi1fY,ewillsheejg
Jeffry,Beauman,jbeaumanjh@sohu.com,AoNSzP,jbeaumanjh
Collin,Vogl,cvoglji@last.fm,P6aKQ67,cvoglji
Beitris,Ranns,brannsjj@google.it,3PTyZ2,brannsjj
Christin,Kehir,ckehirjk@jugem.jp,0WcxlhHmt1,ckehirjk
Ignace,Bezant,ibezantjl@yolasite.com,miQ2Up,ibezantjl
Erny,Breazeall,ebreazealljm@sbwire.com,vJhvNR,ebreazealljm
Alexina,Joul,ajouljn@geocities.com,1QSYM4WFSv,ajouljn
Arluene,Reany,areanyjo@addtoany.com,eaQN8JE,areanyjo
Ad,Labuschagne,alabuschagnejp@weibo.com,Uc2lZ1Z47j,alabuschagnejp
Rolland,Vivash,rvivashjq@google.co.uk,1GqsW1,rvivashjq
Brandea,Whinray,bwhinrayjr@sogou.com,0XhKBl,bwhinrayjr
Blinni,Jansky,bjanskyjs@vinaora.com,P8lwaMD,bjanskyjs
Ruprecht,Tanman,rtanmanjt@g.co,Tr7t0zwtZW2K,rtanmanjt
Melisande,Cozens,mcozensju@state.tx.us,wm59fZ2c6df,mcozensju
Jabez,Donald,jdonaldjv@blogspot.com,PNa26O8h,jdonaldjv
Erminia,Wonter,ewonterjw@columbia.edu,TyjlpoWDK,ewonterjw
Pattie,Verbrugghen,pverbrugghenjx@google.com.br,BsT5U0,pverbrugghenjx
Monte,Cornfield,mcornfieldjy@lycos.com,9KqFkosA,mcornfieldjy
Milton,McTrustam,mmctrustamjz@canalblog.com,JBWT6JVSKoVD,mmctrustamjz
Krystalle,Coady,kcoadyk0@tmall.com,yk8F5B,kcoadyk0
Krispin,Lescop,klescopk1@abc.net.au,rzpQHl9,klescopk1
Arly,Gadie,agadiek2@uiuc.edu,cTnt3qnyb,agadiek2
Wallas,Buckett,wbuckettk3@pcworld.com,3aCd6Ro3U,wbuckettk3
Hanan,Boykett,hboykettk4@netvibes.com,0IAXTDjpGHk,hboykettk4
Rakel,Simmins,rsimminsk5@tripod.com,hr2lkxhGfB,rsimminsk5
Sheba,Lukianovich,slukianovichk6@nih.gov,4O1u2kuGU,slukianovichk6
Baxie,Seaborne,bseabornek7@mediafire.com,J92qxtcB,bseabornek7
Blakeley,Tocknell,btocknellk8@cocolog-nifty.com,8Nj8iL6uYp,btocknellk8
Cordy,Yockley,cyockleyk9@bbb.org,DH5vIrY82rt,cyockleyk9
Katinka,Uebel,kuebelka@about.com,uGAYy9yd,kuebelka
Veronica,Thieme,vthiemekb@phpbb.com,VuxfTUZtEh,vthiemekb
Theodor,Stickford,tstickfordkc@livejournal.com,ylqPVSMbgE0Z,tstickfordkc
Bell,Brewster,bbrewsterkd@rakuten.co.jp,yn6dZu,bbrewsterkd
Karlen,Seabrooke,kseabrookeke@uiuc.edu,M4y1MM8P,kseabrookeke
Ernesta,Appleton,eappletonkf@state.tx.us,vJFHXRi9u,eappletonkf
Irena,Clear,iclearkg@blogs.com,oIMggB,iclearkg
Doy,Demkowicz,ddemkowiczkh@aboutads.info,HhutncPXGQsS,ddemkowiczkh
Tailor,Tatteshall,ttatteshallki@icio.us,wbL2fXwSN,ttatteshallki
Judie,Bollom,jbollomkj@hao123.com,KcMZqAw,jbollomkj
Corny,Wemyss,cwemysskk@arstechnica.com,p7yrQW,cwemysskk
Conn,Irwin,cirwinkl@ox.ac.uk,knCvmM1xQkQ,cirwinkl
Loria,Gauden,lgaudenkm@cisco.com,5O7q3p,lgaudenkm
Lexine,Greest,lgreestkn@bloglines.com,5Ciw9v,lgreestkn
Wileen,Maciaszczyk,wmaciaszczykko@vk.com,nemzIERbe,wmaciaszczykko
Morley,Crosgrove,mcrosgrovekp@marriott.com,SFbMqAz61z,mcrosgrovekp
Camey,McDougall,cmcdougallkq@reuters.com,2sLCYRPgz,cmcdougallkq
Cherice,Magog,cmagogkr@wsj.com,8aob3RrC,cmagogkr
Alden,Commusso,acommussoks@hubpages.com,pUSufVV25,acommussoks
Jo ann,Ladlow,jladlowkt@hexun.com,4jKZQWx2bf,jladlowkt
Arline,Hynson,ahynsonku@i2i.jp,0Z5Rd7E5R,ahynsonku
Rod,Pellant,rpellantkv@illinois.edu,lDXp1fA7Z,rpellantkv
Brice,Hainsworth,bhainsworthkw@oakley.com,ZsiVOBi6b8Si,bhainsworthkw
Morris,Fanton,mfantonkx@unicef.org,LPFip3sWJb4,mfantonkx
Elvera,Gronou,egronouky@ameblo.jp,iYhkIsv6Zb,egronouky
Henrie,Finley,hfinleykz@so-net.ne.jp,CDp1bh,hfinleykz
Shaina,Liversidge,sliversidgel0@issuu.com,jThwnr4JWLHJ,sliversidgel0
Meridel,Matt,mmattl1@yellowbook.com,vstOJISWx,mmattl1
Zackariah,Baike,zbaikel2@nsw.gov.au,3jRS0bNuRjnZ,zbaikel2
Osmund,Maudson,omaudsonl3@latimes.com,3qURoIT6mJ,omaudsonl3
Chauncey,Guihen,cguihenl4@typepad.com,OzGFN3fXN2,cguihenl4
Gizela,Beedell,gbeedelll5@ebay.co.uk,lBxribCC8B,gbeedelll5
Bonny,Densun,bdensunl6@wiley.com,V4rxtx,bdensunl6
Brent,Widdop,bwiddopl7@independent.co.uk,cGVySDSh,bwiddopl7
Redd,Cullnean,rcullneanl8@sphinn.com,NZmF5wEA,rcullneanl8
Carmelita,Beckinsall,cbeckinsalll9@liveinternet.ru,v4CuaeZVPVq,cbeckinsalll9
Savina,Porter,sporterla@i2i.jp,bLvRadUl,sporterla
Jasmina,Meenan,jmeenanlb@slashdot.org,AU9TOIknY,jmeenanlb
Dorie,Ziemecki,dziemeckilc@psu.edu,VQgyVMuRWYf,dziemeckilc
Noak,Patron,npatronld@macromedia.com,LWrwwvIhPCe,npatronld
Jenna,Uff,juffle@google.com,WBIP0IbTk,juffle
Doretta,Toovey,dtooveylf@java.com,Lt8GNU,dtooveylf
Quillan,Leah,qleahlg@spiegel.de,fdcQ0h9Z0uVk,qleahlg
Marco,Baistow,mbaistowlh@dmoz.org,jIqFfr,mbaistowlh
Tallou,Buddock,tbuddockli@baidu.com,D8ZD1viKMr5K,tbuddockli
Eadie,Ogelbe,eogelbelj@istockphoto.com,5cMOfYLYUA,eogelbelj
Cello,Clay,cclaylk@scientificamerican.com,4DEQdzv,cclaylk
Marielle,Dymidowicz,mdymidowiczll@craigslist.org,XNB6hVzUhLAk,mdymidowiczll
Cazzie,Janovsky,cjanovskylm@goo.ne.jp,b4hRsAnscGJd,cjanovskylm
Barthel,Sprakes,bsprakesln@earthlink.net,696f7j,bsprakesln
Solly,Moyles,smoyleslo@mapy.cz,ZK50XxcLn,smoyleslo
Neil,Issac,nissaclp@mozilla.org,w8lse7t8Mw,nissaclp
Danie,McHaffy,dmchaffylq@storify.com,uW7dhcF6pVR4,dmchaffylq
Valina,Kinneally,vkinneallylr@washingtonpost.com,bwOoWLJW,vkinneallylr
Antonio,Harlin,aharlinls@ifeng.com,oaFwUS,aharlinls
Querida,Spedding,qspeddinglt@purevolume.com,EIB62iqGHav,qspeddinglt
Andreas,Corwood,acorwoodlu@plala.or.jp,CQ7UyqcJLn,acorwoodlu
Kevina,Pentony,kpentonylv@imgur.com,h8SrPy,kpentonylv
Sander,Wateridge,swateridgelw@bloglovin.com,iEM1QEFreec,swateridgelw
Uta,Mytton,umyttonlx@amazon.com,vf15ZYBMAjwl,umyttonlx
Carine,Polack,cpolackly@who.int,NrFkXYxl,cpolackly
Franciskus,Elldred,felldredlz@wufoo.com,EguDpxq4ID,felldredlz
Flossie,Norkett,fnorkettm0@yale.edu,fLxRqjpoZo8z,fnorkettm0
Kayne,Gilliland,kgillilandm1@usatoday.com,C4mfrEeU,kgillilandm1
Trescha,Bartosek,tbartosekm2@auda.org.au,UMVI1TQU,tbartosekm2
Lion,Iacobo,liacobom3@desdev.cn,A1ge4Z70,liacobom3
Netti,Marchent,nmarchentm4@fotki.com,Us2ZHN,nmarchentm4
Alan,Arondel,aarondelm5@skyrock.com,WXSnzqLGeId,aarondelm5
Noellyn,Obee,nobeem6@ycombinator.com,Gcz4Kms,nobeem6
Mallissa,Dachs,mdachsm7@geocities.com,QoHp3t7u,mdachsm7
Mignonne,Teggart,mteggartm8@icio.us,L8UoQIxe,mteggartm8
Rebbecca,MacAllan,rmacallanm9@bbc.co.uk,lXwFG85Z,rmacallanm9
Anny,Dudman,adudmanma@i2i.jp,KP6izkBspK,adudmanma
Karin,Lux,kluxmb@chicagotribune.com,8LJhleBa,kluxmb
Town,Becerra,tbecerramc@pinterest.com,h5IMmcgA,tbecerramc
Ilario,Josefowicz,ijosefowiczmd@merriam-webster.com,In9CJCJlqCd,ijosefowiczmd
Bradney,Toulamain,btoulamainme@t.co,wF1Gs8sAi,btoulamainme
Cliff,Kanwell,ckanwellmf@constantcontact.com,pgQswIeYE,ckanwellmf
Danni,Filipovic,dfilipovicmg@wunderground.com,AbC3Yf0,dfilipovicmg
Nerte,Isselee,nisseleemh@ocn.ne.jp,P36K5cF01W,nisseleemh
Gwenni,Vlasenkov,gvlasenkovmi@goodreads.com,w7BcTxRIJ5j8,gvlasenkovmi
Greggory,Van Velden,gvanveldenmj@cmu.edu,5OLsJn,gvanveldenmj
Karola,Colyer,kcolyermk@is.gd,DUTONHH7,kcolyermk
Lorie,Vedeshkin,lvedeshkinml@mtv.com,UocMKCMU1K,lvedeshkinml
Baryram,Rulten,brultenmm@wp.com,NX8ppbpm,brultenmm
Woodman,Beavington,wbeavingtonmn@amazon.co.uk,z7IaYxJh,wbeavingtonmn
Elke,O'Dennehy,eodennehymo@desdev.cn,BGWp1J5J1,eodennehymo
Alikee,Trittam,atrittammp@hubpages.com,Zw2oOohRb,atrittammp
Maiga,Kirby,mkirbymq@trellian.com,ajqigNVh5i51,mkirbymq
Roma,Waugh,rwaughmr@multiply.com,699ELQA2qzX,rwaughmr
Geralda,Mulkerrins,gmulkerrinsms@amazon.de,JbQBHrJ,gmulkerrinsms
Denys,Cabane,dcabanemt@answers.com,CLOJCz2JWmB,dcabanemt
Alaine,Gehring,agehringmu@pcworld.com,0URZeDKgbP1,agehringmu
Moise,Iacovacci,miacovaccimv@behance.net,R0q2wzDq9QOT,miacovaccimv
Maybelle,Lewton,mlewtonmw@google.com.au,8dPSlGZ7W,mlewtonmw
Ode,Matfin,omatfinmx@woothemes.com,OcsekZHv2TV,omatfinmx
Nicolai,Collopy,ncollopymy@accuweather.com,KWLdKzpm6ZLn,ncollopymy
Sallee,McClenaghan,smcclenaghanmz@tinyurl.com,hTMRgiVh4e0p,smcclenaghanmz
Kylila,Troop,ktroopn0@tamu.edu,Nik8Kn,ktroopn0
Spence,Greatex,sgreatexn1@washingtonpost.com,WxOIGgIS,sgreatexn1
Joana,Alker,jalkern2@angelfire.com,fVgQOj,jalkern2
Rosanne,Zanardii,rzanardiin3@elpais.com,KGhobhd,rzanardiin3
Desmond,Rekes,drekesn4@nih.gov,rNfuz9c,drekesn4
Benedikta,MacAnelley,bmacanelleyn5@google.co.uk,ibEj4ZuT,bmacanelleyn5
Kelli,Hyne,khynen6@google.com.au,1ZWyKJ,khynen6
Horatia,Greaser,hgreasern7@soundcloud.com,0QqodnZm,hgreasern7
Ashton,Staker,astakern8@engadget.com,ppAph7S1EmmK,astakern8
Maximilian,Parnell,mparnelln9@privacy.gov.au,NGO7tp,mparnelln9
Egbert,Kasper,ekasperna@upenn.edu,W9VvFrh7Ns,ekasperna
Gardiner,Harriman,gharrimannb@tripod.com,nVs6YVj2GJ8,gharrimannb
Flory,Erricker,ferrickernc@goodreads.com,mRPPnxU,ferrickernc
Grata,Kleinschmidt,gkleinschmidtnd@issuu.com,AGCBuJwZtON,gkleinschmidtnd
Armand,Lokier,alokierne@examiner.com,Wcm1jEr,alokierne
Joleen,Pepi,jpepinf@altervista.org,lr9u3ame,jpepinf
Ricky,Lansly,rlanslyng@cargocollective.com,Vu8Qkbcx5,rlanslyng
Joell,Beebis,jbeebisnh@tripadvisor.com,7YpA39J7,jbeebisnh
Rosette,Ismail,rismailni@toplist.cz,JDZ3xtXjg,rismailni
Binny,Donisi,bdonisinj@foxnews.com,bjMW1jl,bdonisinj
Charline,Totman,ctotmannk@baidu.com,RfkfKlVRSZ,ctotmannk
Cherin,Ellerman,cellermannl@scientificamerican.com,b14mwU6XU7h,cellermannl
Rollie,Linscott,rlinscottnm@answers.com,GbtsXimLkrXe,rlinscottnm
Hirsch,Marde,hmardenn@prweb.com,XqZeoMN2t2,hmardenn
Clementine,Hakey,chakeyno@pbs.org,EOTUBXARP,chakeyno
Sharon,Ogan,sogannp@china.com.cn,y00u2Aw0tLMF,sogannp
Didi,Scotchmor,dscotchmornq@gmpg.org,aHUGzTsNcLke,dscotchmornq
Whitman,Catenot,wcatenotnr@cocolog-nifty.com,iK2QDKY,wcatenotnr
Clerkclaude,Testro,ctestrons@washington.edu,UHwHzQhgUAG,ctestrons
Fionna,Amberger,fambergernt@illinois.edu,frVGXai4,fambergernt
Karney,Van der Kruys,kvanderkruysnu@cnn.com,Vy75xsIbCK,kvanderkruysnu
Ivette,Jahn,ijahnnv@bluehost.com,j5Yf7H,ijahnnv
Garald,Blouet,gblouetnw@dion.ne.jp,Bbs60DE,gblouetnw
Amy,Klosges,aklosgesnx@youtube.com,aEoui4wrNE,aklosgesnx
Magdaia,Martinets,mmartinetsny@fema.gov,93AxAdVtxWl,mmartinetsny
Tory,Grubbe,tgrubbenz@facebook.com,jnuqdZdG,tgrubbenz
Clair,Marioneau,cmarioneauo0@chron.com,aAMFK6HbwOy,cmarioneauo0
Ira,Gray,igrayo1@purevolume.com,0XaaUaJZ,igrayo1
Eleen,Caso,ecasoo2@dell.com,6wB70n,ecasoo2
Dori,Celand,dcelando3@dell.com,E02R4eO,dcelando3
Anabel,Pund,apundo4@e-recht24.de,5PbTTJnsdM,apundo4
Wendi,McWard,wmcwardo5@amazon.com,5EFUhL,wmcwardo5
Law,Tappington,ltappingtono6@java.com,K6ue95,ltappingtono6
Arlen,Corker,acorkero7@biglobe.ne.jp,WbfcFhKp,acorkero7
Lynnette,Dimmack,ldimmacko8@woothemes.com,wnqtYqBP,ldimmacko8
Galina,Manis,gmaniso9@chron.com,JCMBLk5l7UVd,gmaniso9
Gordy,Tomblings,gtomblingsoa@bizjournals.com,B4W6y1azJ,gtomblingsoa
Neale,Bavister,nbavisterob@whitehouse.gov,m8TiuKrD4GC,nbavisterob
Gretal,Behling,gbehlingoc@europa.eu,xyv0Y74odSdi,gbehlingoc
Lita,Kenafaque,lkenafaqueod@wired.com,zZETpj,lkenafaqueod
Say,Hrihorovich,shrihorovichoe@wiley.com,FsEkzttVm,shrihorovichoe
Loretta,Robardley,lrobardleyof@shareasale.com,SJVYlAr,lrobardleyof
Gonzalo,Easterbrook,geasterbrookog@about.com,Gkmnvi,geasterbrookog
Laird,Thick,lthickoh@google.it,nzO143CDCfq,lthickoh
Nissie,Skewes,nskewesoi@google.cn,61kneOa,nskewesoi
Jacquenette,Oleszkiewicz,joleszkiewiczoj@shop-pro.jp,slJTP33u,joleszkiewiczoj
Milty,Dowding,mdowdingok@github.com,bnTdGptObz,mdowdingok
Timothea,Rozier,trozierol@rediff.com,Z6hMOV0C5LO,trozierol
Rogerio,Cornehl,rcornehlom@ed.gov,gag3G5,rcornehlom
Dee dee,Choules,dchouleson@furl.net,GoWG6S,dchouleson
Andrey,Lermit,alermitoo@smh.com.au,3FOc3I4PQWc9,alermitoo
Pip,Woodyatt,pwoodyattop@examiner.com,6b1TNaJY9A3,pwoodyattop
Elsa,Wollard,ewollardoq@livejournal.com,vD1CN1RjHVr,ewollardoq
Ricky,Boshard,rboshardor@tmall.com,tIDu9RM84nh,rboshardor
Gloriane,Amberger,gambergeros@delicious.com,fHWFu8z,gambergeros
Aurilia,Steinor,asteinorot@about.com,COtFfqOn6w,asteinorot
Clementius,Chace,cchaceou@netscape.com,Q3f0q7,cchaceou
Ker,Caltera,kcalteraov@list-manage.com,BjatnLF,kcalteraov
Robinette,Ockenden,rockendenow@amazon.co.uk,SIU0tsNIo,rockendenow
Joleen,Fisbburne,jfisbburneox@ask.com,p73dIKjdgY3s,jfisbburneox
Ellis,Tant,etantoy@macromedia.com,FfqcIzh,etantoy
Charin,McEvilly,cmcevillyoz@nymag.com,qOjsFIa8k4v,cmcevillyoz
Manfred,Siggens,msiggensp0@msn.com,dmWnd945Y,msiggensp0
Paulo,Whistlecraft,pwhistlecraftp1@china.com.cn,PgbryN1Lb6nJ,pwhistlecraftp1
Jae,Heiss,jheissp2@youtu.be,d6KO9g9eBN,jheissp2
Brigitta,January 1st,bjanuarystp3@is.gd,cIBEIDOYgM,bjanuarystp3
Letti,Arlett,larlettp4@wikimedia.org,6MLx6NFqrkDx,larlettp4
Sindee,Leblanc,sleblancp5@wunderground.com,4dMbJiIEh6Y8,sleblancp5
Tonia,Tassell,ttassellp6@slate.com,BFWbA1zlSZ,ttassellp6
Scott,Haliburn,shaliburnp7@census.gov,9f0VD8Zrxe,shaliburnp7
Jennifer,Rudloff,jrudloffp8@paginegialle.it,bCXycieq,jrudloffp8
Beryle,Blackleech,bblackleechp9@reddit.com,ghtVRQJWkm9,bblackleechp9
Karalynn,Easom,keasompa@wp.com,AeHDThCywc,keasompa
Marylou,Eate,meatepb@bing.com,uRhoSDV1pE,meatepb
Shayla,Cawthera,scawtherapc@miitbeian.gov.cn,TIyc3Lndcw,scawtherapc
Amerigo,Eastwell,aeastwellpd@biglobe.ne.jp,Ycbs2qZe,aeastwellpd
Artemus,Camings,acamingspe@chron.com,7b2t2PfA,acamingspe
Hermon,Lamyman,hlamymanpf@vkontakte.ru,BtcUiO8rhm1,hlamymanpf
Laure,Bean,lbeanpg@cnet.com,xiCqyaIj,lbeanpg
Dulsea,Attewell,dattewellph@nba.com,DmQ4qTAik7,dattewellph
Logan,Kalisz,lkaliszpi@chicagotribune.com,wMNDJO7OzH,lkaliszpi
Adella,Merwood,amerwoodpj@slate.com,7VWj5HmlDl,amerwoodpj
Morgan,Pilbury,mpilburypk@cocolog-nifty.com,I7ji3Cvb,mpilburypk
Pattie,Cobbin,pcobbinpl@hp.com,x8VrAj,pcobbinpl
Earvin,Dillestone,edillestonepm@xrea.com,4Wz46I,edillestonepm
Daria,Footitt,dfootittpn@behance.net,9VlTkIm,dfootittpn
Mychal,Pettie,mpettiepo@cyberchimps.com,10OBjbxN1Ur,mpettiepo
Lilas,Alabastar,lalabastarpp@google.co.jp,dhCpCtGn,lalabastarpp
Guenevere,Farren,gfarrenpq@reddit.com,JrEXXbWA,gfarrenpq
Isa,Polley,ipolleypr@simplemachines.org,cb0gOdPOpXTl,ipolleypr
Ewan,Ruzek,eruzekps@bigcartel.com,kIRPTaKG63T,eruzekps
Rafaelita,Jaher,rjaherpt@sciencedirect.com,9n410P1FRYEo,rjaherpt
Glori,Dow,gdowpu@bloglovin.com,2GD9do8CJ,gdowpu
Andonis,Mitchenson,amitchensonpv@jalbum.net,btJoXn0m,amitchensonpv
Benton,McNair,bmcnairpw@123-reg.co.uk,mONH3ArV,bmcnairpw
Jaimie,Bursnall,jbursnallpx@about.com,LEp2iEXL8sz,jbursnallpx
Carley,Simper,csimperpy@dion.ne.jp,At9kaYukot,csimperpy
Keely,Bruford,kbrufordpz@behance.net,4wq98JX,kbrufordpz
Symon,Shackle,sshackleq0@hhs.gov,OCqy8ozULnw0,sshackleq0
Ragnar,Coarser,rcoarserq1@youtube.com,ARyaD3GGPB,rcoarserq1
Rivi,Callaghan,rcallaghanq2@google.co.uk,31vKhka7J,rcallaghanq2
Lock,Scorah,lscorahq3@cloudflare.com,JLD48PE5,lscorahq3
Elie,Maffey,emaffeyq4@ed.gov,WW2YochP,emaffeyq4
Luci,Flay,lflayq5@canalblog.com,dJAFEHHiD,lflayq5
Hamil,Lighton,hlightonq6@etsy.com,qoOFqce,hlightonq6
Clifford,Boddice,cboddiceq7@admin.ch,8bokBum,cboddiceq7
Etty,Bahde,ebahdeq8@nyu.edu,olHwUc,ebahdeq8
Webster,Armsby,warmsbyq9@microsoft.com,8szCVQ2,warmsbyq9
Angele,Kerton,akertonqa@jiathis.com,ZNe7au8,akertonqa
Drake,Ackerman,dackermanqb@posterous.com,gF69LpX,dackermanqb
Roxy,Eveling,revelingqc@parallels.com,qUsApvfvzsOI,revelingqc
Osmund,Speachley,ospeachleyqd@ow.ly,8Zo1aWVbYbWs,ospeachleyqd
Julius,Riguard,jriguardqe@spiegel.de,zIN4vWnBNge,jriguardqe
Sibelle,Chappell,schappellqf@admin.ch,aDLUNr,schappellqf
Bab,Gipp,bgippqg@state.tx.us,ATmPwx7gx,bgippqg
Kirbee,Eddisforth,keddisforthqh@mashable.com,XUuz1oFJ,keddisforthqh
Cathee,Compford,ccompfordqi@ucoz.ru,f8rAWbMyEr,ccompfordqi
Harriett,Josebury,hjoseburyqj@accuweather.com,0IGlFZ,hjoseburyqj
Kassi,Southan,ksouthanqk@digg.com,x4KbDJFpuRMb,ksouthanqk
Nady,Hawksby,nhawksbyql@businesswire.com,Ciw8ACD,nhawksbyql
Terrance,Davydenko,tdavydenkoqm@nasa.gov,Q2TjGU5,tdavydenkoqm
Atlante,Ells,aellsqn@wix.com,nI8vIR8xP,aellsqn
Tonie,McBlain,tmcblainqo@ucoz.com,JxcCibvE,tmcblainqo
Guillemette,Newrick,gnewrickqp@netlog.com,7ak86sNk1,gnewrickqp
Domenic,Burdett,dburdettqq@yandex.ru,KKx0TpNoG,dburdettqq
Arluene,Durban,adurbanqr@de.vu,D1wfzAZgm6,adurbanqr
Moise,Gaffer,mgafferqs@vistaprint.com,3QTf99zvCFhQ,mgafferqs
Padgett,Pond-Jones,ppondjonesqt@cpanel.net,6fRS23eDDdyy,ppondjonesqt
Conrado,Dosedale,cdosedalequ@netvibes.com,hh7TQMD,cdosedalequ
Susan,Loram,sloramqv@exblog.jp,dro5qa,sloramqv
Deena,Warham,dwarhamqw@china.com.cn,OQjt2gFWlB,dwarhamqw
Dietrich,Leabeater,dleabeaterqx@tinypic.com,9ilwQzRcE,dleabeaterqx
Dalt,Hounihan,dhounihanqy@ycombinator.com,4wMfhcl0SLCu,dhounihanqy
Leonid,Checchi,lchecchiqz@bbc.co.uk,I3FmXBnlf6D8,lchecchiqz
Krispin,Slowey,ksloweyr0@posterous.com,EZR0MUjRAYuW,ksloweyr0
Meris,Robecon,mrobeconr1@ow.ly,a3nH4VvrNIc,mrobeconr1
Collin,Brun,cbrunr2@skyrock.com,Ua7Hmr9,cbrunr2
Nataniel,Gladhill,ngladhillr3@vk.com,dXVBgvkP,ngladhillr3
Aksel,Pardal,apardalr4@pcworld.com,wqDZYqT,apardalr4
Kimmy,Haste,khaster5@harvard.edu,7ebyJh7WMp3,khaster5
Cathrin,Hoble,chobler6@cdbaby.com,vu2TDAAH,chobler6
Bobbie,Blenkinship,bblenkinshipr7@wunderground.com,0UNJH3cA,bblenkinshipr7
Janine,Henkens,jhenkensr8@examiner.com,XqayQpbJw,jhenkensr8
Lazarus,Pender,lpenderr9@wikispaces.com,oQ68O7uty,lpenderr9
Quentin,Guilloton,qguillotonra@icio.us,3teKD9Ua,qguillotonra
Elwin,Brunroth,ebrunrothrb@stumbleupon.com,JFuresD,ebrunrothrb
Babita,Relf,brelfrc@businessinsider.com,WqhPZeW,brelfrc
Karoly,Dimic,kdimicrd@ehow.com,OOqCGfdQjx,kdimicrd
Courtney,Towe,ctowere@goo.ne.jp,fI68vIXUlwq,ctowere
Brade,Mazzia,bmazziarf@ustream.tv,a1IoXSow,bmazziarf
Terry,Randleson,trandlesonrg@weather.com,GaGTLxchrLc,trandlesonrg
Hakim,Thacker,hthackerrh@msn.com,OAJOfFMXO,hthackerrh
Paulina,Lardez,plardezri@canalblog.com,dGLVDbJ6,plardezri
Jada,Adamsky,jadamskyrj@so-net.ne.jp,xxnYGmPdB,jadamskyrj
Jenica,Haggett,jhaggettrk@zdnet.com,sw9mIT8,jhaggettrk
Winnie,Stolle,wstollerl@taobao.com,bEcFr8Xs,wstollerl
Carlyn,Paulack,cpaulackrm@ca.gov,mGYJ6Q2PEqkA,cpaulackrm
Brunhilda,Schroter,bschroterrn@yahoo.co.jp,CcBh2qNS83I,bschroterrn
Abdul,Ceaser,aceaserro@booking.com,qgu3ga3DLZF,aceaserro
Maybelle,Reimer,mreimerrp@intel.com,EDazKOG,mreimerrp
Jeanne,Grassi,jgrassirq@jiathis.com,AKAjOyW,jgrassirq
Rinaldo,O'Hickee,rohickeerr@fotki.com,24aTgTTzDO,rohickeerr
